[{"model": "contenttypes.contenttype", "pk": 1, "fields": {"app_label": "admin", "model": "logentry"}}, {"model": "contenttypes.contenttype", "pk": 2, "fields": {"app_label": "auth", "model": "permission"}}, {"model": "contenttypes.contenttype", "pk": 3, "fields": {"app_label": "auth", "model": "group"}}, {"model": "contenttypes.contenttype", "pk": 4, "fields": {"app_label": "contenttypes", "model": "contenttype"}}, {"model": "contenttypes.contenttype", "pk": 5, "fields": {"app_label": "sessions", "model": "session"}}, {"model": "contenttypes.contenttype", "pk": 6, "fields": {"app_label": "users", "model": "user"}}, {"model": "contenttypes.contenttype", "pk": 7, "fields": {"app_label": "imagesapp", "model": "category"}}, {"model": "contenttypes.contenttype", "pk": 8, "fields": {"app_label": "imagesapp", "model": "city"}}, {"model": "contenttypes.contenttype", "pk": 9, "fields": {"app_label": "imagesapp", "model": "country"}}, {"model": "contenttypes.contenttype", "pk": 10, "fields": {"app_label": "imagesapp", "model": "county"}}, {"model": "contenttypes.contenttype", "pk": 11, "fields": {"app_label": "imagesapp", "model": "image"}}, {"model": "contenttypes.contenttype", "pk": 12, "fields": {"app_label": "imagesapp", "model": "rating"}}, {"model": "sessions.session", "pk": "ab5c84y6v5cs6r7o1elstv98ueblxtpa", "fields": {"session_data": "OTJhYzQwOGEzZjIxNzE3MGVjNjExZWY0NjU2YjI0YWUyMjNkMDdhMDp7Il9hdXRoX3VzZXJfaWQiOiIxIiwiX2F1dGhfdXNlcl9iYWNrZW5kIjoiZGphbmdvLmNvbnRyaWIuYXV0aC5iYWNrZW5kcy5Nb2RlbEJhY2tlbmQiLCJfYXV0aF91c2VyX2hhc2giOiJhZTE2NTQ4MjE5MTBkZTMzYzMwN2M4MGU0ZWFjNWNlZTQ1MGU4NjY2In0=", "expire_date": "2019-04-17T16:13:17.353Z"}}, {"model": "sessions.session", "pk": "bgyk5lxjnfe9jz3o4hcto64rll7tu4vw", "fields": {"session_data": "OTJhYzQwOGEzZjIxNzE3MGVjNjExZWY0NjU2YjI0YWUyMjNkMDdhMDp7Il9hdXRoX3VzZXJfaWQiOiIxIiwiX2F1dGhfdXNlcl9iYWNrZW5kIjoiZGphbmdvLmNvbnRyaWIuYXV0aC5iYWNrZW5kcy5Nb2RlbEJhY2tlbmQiLCJfYXV0aF91c2VyX2hhc2giOiJhZTE2NTQ4MjE5MTBkZTMzYzMwN2M4MGU0ZWFjNWNlZTQ1MGU4NjY2In0=", "expire_date": "2019-04-21T08:29:02.372Z"}}, {"model": "sessions.session", "pk": "cf3csdpu9lngvjglxsbcq4kkmqfop2ik", "fields": {"session_data": "OTJhYzQwOGEzZjIxNzE3MGVjNjExZWY0NjU2YjI0YWUyMjNkMDdhMDp7Il9hdXRoX3VzZXJfaWQiOiIxIiwiX2F1dGhfdXNlcl9iYWNrZW5kIjoiZGphbmdvLmNvbnRyaWIuYXV0aC5iYWNrZW5kcy5Nb2RlbEJhY2tlbmQiLCJfYXV0aF91c2VyX2hhc2giOiJhZTE2NTQ4MjE5MTBkZTMzYzMwN2M4MGU0ZWFjNWNlZTQ1MGU4NjY2In0=", "expire_date": "2019-04-17T16:18:01.526Z"}}, {"model": "sessions.session", "pk": "h1km7rsn4a1b6z37jsai4kqcgvq70ezv", "fields": {"session_data": "OTJhYzQwOGEzZjIxNzE3MGVjNjExZWY0NjU2YjI0YWUyMjNkMDdhMDp7Il9hdXRoX3VzZXJfaWQiOiIxIiwiX2F1dGhfdXNlcl9iYWNrZW5kIjoiZGphbmdvLmNvbnRyaWIuYXV0aC5iYWNrZW5kcy5Nb2RlbEJhY2tlbmQiLCJfYXV0aF91c2VyX2hhc2giOiJhZTE2NTQ4MjE5MTBkZTMzYzMwN2M4MGU0ZWFjNWNlZTQ1MGU4NjY2In0=", "expire_date": "2019-04-22T21:24:10.891Z"}}, {"model": "sessions.session", "pk": "ht3tplqihul0kma4ayxl6ejrdf2oz2ao", "fields": {"session_data": "NTdlYWEwMjQxYjRmMzNlNTQxYTQ2NTQyYjZmNDE1MzMwZmU2NDNhZDp7fQ==", "expire_date": "2019-04-21T14:28:03.903Z"}}, {"model": "sessions.session", "pk": "uw3wxcxz4lv21pxyd85144oml9oqkbz8", "fields": {"session_data": "OTJhYzQwOGEzZjIxNzE3MGVjNjExZWY0NjU2YjI0YWUyMjNkMDdhMDp7Il9hdXRoX3VzZXJfaWQiOiIxIiwiX2F1dGhfdXNlcl9iYWNrZW5kIjoiZGphbmdvLmNvbnRyaWIuYXV0aC5iYWNrZW5kcy5Nb2RlbEJhY2tlbmQiLCJfYXV0aF91c2VyX2hhc2giOiJhZTE2NTQ4MjE5MTBkZTMzYzMwN2M4MGU0ZWFjNWNlZTQ1MGU4NjY2In0=", "expire_date": "2019-04-23T09:28:23.108Z"}}, {"model": "sessions.session", "pk": "xqjbbnhgo1hwesg76x02r17n5qnpo5oz", "fields": {"session_data": "NTdlYWEwMjQxYjRmMzNlNTQxYTQ2NTQyYjZmNDE1MzMwZmU2NDNhZDp7fQ==", "expire_date": "2019-04-21T14:18:57.339Z"}}, {"model": "imagesapp.category", "pk": 1, "fields": {"name": "Abstract", "parent_category": null}}, {"model": "imagesapp.category", "pk": 2, "fields": {"name": "Architecture", "parent_category": null}}, {"model": "imagesapp.category", "pk": 3, "fields": {"name": "Black and White", "parent_category": null}}, {"model": "imagesapp.category", "pk": 4, "fields": {"name": "Documentary", "parent_category": null}}, {"model": "imagesapp.category", "pk": 5, "fields": {"name": "Nature", "parent_category": null}}, {"model": "imagesapp.category", "pk": 6, "fields": {"name": "Animals", "parent_category": 5}}, {"model": "imagesapp.category", "pk": 7, "fields": {"name": "Plants", "parent_category": 5}}, {"model": "imagesapp.category", "pk": 8, "fields": {"name": "Landscape", "parent_category": 5}}, {"model": "imagesapp.category", "pk": 9, "fields": {"name": "Cityscape", "parent_category": null}}, {"model": "imagesapp.category", "pk": 10, "fields": {"name": "Buildings", "parent_category": 9}}, {"model": "imagesapp.country", "pk": 1, "fields": {"name": "Albania", "description": ""}}, {"model": "imagesapp.country", "pk": 2, "fields": {"name": "Andorra", "description": ""}}, {"model": "imagesapp.country", "pk": 3, "fields": {"name": "Armenia", "description": ""}}, {"model": "imagesapp.country", "pk": 4, "fields": {"name": "Austria", "description": ""}}, {"model": "imagesapp.country", "pk": 5, "fields": {"name": "Azerbaijan", "description": ""}}, {"model": "imagesapp.country", "pk": 6, "fields": {"name": "Belarus", "description": ""}}, {"model": "imagesapp.country", "pk": 7, "fields": {"name": "Belgium", "description": ""}}, {"model": "imagesapp.country", "pk": 8, "fields": {"name": "Bosnia and Herzegovina", "description": ""}}, {"model": "imagesapp.country", "pk": 9, "fields": {"name": "Bulgaria", "description": ""}}, {"model": "imagesapp.country", "pk": 10, "fields": {"name": "Croatia", "description": ""}}, {"model": "imagesapp.country", "pk": 11, "fields": {"name": "Cyprus", "description": ""}}, {"model": "imagesapp.country", "pk": 12, "fields": {"name": "Czech Republic", "description": ""}}, {"model": "imagesapp.country", "pk": 13, "fields": {"name": "Denmark", "description": ""}}, {"model": "imagesapp.country", "pk": 14, "fields": {"name": "Estonia", "description": ""}}, {"model": "imagesapp.country", "pk": 15, "fields": {"name": "Finland", "description": ""}}, {"model": "imagesapp.country", "pk": 16, "fields": {"name": "France", "description": ""}}, {"model": "imagesapp.country", "pk": 17, "fields": {"name": "Georgia", "description": ""}}, {"model": "imagesapp.country", "pk": 18, "fields": {"name": "Germany", "description": ""}}, {"model": "imagesapp.country", "pk": 19, "fields": {"name": "Greece", "description": ""}}, {"model": "imagesapp.country", "pk": 20, "fields": {"name": "Hungary", "description": ""}}, {"model": "imagesapp.country", "pk": 21, "fields": {"name": "Iceland", "description": ""}}, {"model": "imagesapp.country", "pk": 22, "fields": {"name": "Ireland", "description": ""}}, {"model": "imagesapp.country", "pk": 23, "fields": {"name": "Italy", "description": ""}}, {"model": "imagesapp.country", "pk": 24, "fields": {"name": "Kazakhstan", "description": ""}}, {"model": "imagesapp.country", "pk": 25, "fields": {"name": "Latvia", "description": ""}}, {"model": "imagesapp.country", "pk": 26, "fields": {"name": "Liechtenstein", "description": ""}}, {"model": "imagesapp.country", "pk": 27, "fields": {"name": "Lithuania", "description": ""}}, {"model": "imagesapp.country", "pk": 28, "fields": {"name": "Luxembourg", "description": ""}}, {"model": "imagesapp.country", "pk": 29, "fields": {"name": "Macedonia", "description": ""}}, {"model": "imagesapp.country", "pk": 30, "fields": {"name": "Malta", "description": ""}}, {"model": "imagesapp.country", "pk": 31, "fields": {"name": "Moldova", "description": ""}}, {"model": "imagesapp.country", "pk": 32, "fields": {"name": "Monaco", "description": ""}}, {"model": "imagesapp.country", "pk": 33, "fields": {"name": "Montenegro", "description": ""}}, {"model": "imagesapp.country", "pk": 34, "fields": {"name": "Netherlands", "description": ""}}, {"model": "imagesapp.country", "pk": 35, "fields": {"name": "Norway", "description": ""}}, {"model": "imagesapp.country", "pk": 36, "fields": {"name": "Poland", "description": ""}}, {"model": "imagesapp.country", "pk": 37, "fields": {"name": "Portugal", "description": ""}}, {"model": "imagesapp.country", "pk": 38, "fields": {"name": "Romania", "description": ""}}, {"model": "imagesapp.country", "pk": 39, "fields": {"name": "Russia", "description": ""}}, {"model": "imagesapp.country", "pk": 40, "fields": {"name": "San Marino", "description": ""}}, {"model": "imagesapp.country", "pk": 41, "fields": {"name": "Serbia", "description": ""}}, {"model": "imagesapp.country", "pk": 42, "fields": {"name": "Slovakia", "description": ""}}, {"model": "imagesapp.country", "pk": 43, "fields": {"name": "Slovenia", "description": ""}}, {"model": "imagesapp.country", "pk": 44, "fields": {"name": "Spain", "description": ""}}, {"model": "imagesapp.country", "pk": 45, "fields": {"name": "Sweden", "description": ""}}, {"model": "imagesapp.country", "pk": 46, "fields": {"name": "Switzerland", "description": ""}}, {"model": "imagesapp.country", "pk": 47, "fields": {"name": "Turkey", "description": ""}}, {"model": "imagesapp.country", "pk": 48, "fields": {"name": "Ukraine", "description": ""}}, {"model": "imagesapp.country", "pk": 49, "fields": {"name": "United Kingdom", "description": ""}}, {"model": "imagesapp.country", "pk": 50, "fields": {"name": "Vatican City", "description": ""}}, {"model": "imagesapp.county", "pk": 1, "fields": {"name": "Budapest", "country": 20}}, {"model": "imagesapp.county", "pk": 2, "fields": {"name": "Baranya", "country": 20}}, {"model": "imagesapp.county", "pk": 3, "fields": {"name": "B\u0102\u02c7cs-Kiskun", "country": 20}}, {"model": "imagesapp.county", "pk": 4, "fields": {"name": "B\u0102\u00a9k\u0102\u00a9s", "country": 20}}, {"model": "imagesapp.county", "pk": 5, "fields": {"name": "Borsod-Aba\u0102\u015fj-Zempl\u0102\u00a9n", "country": 20}}, {"model": "imagesapp.county", "pk": 6, "fields": {"name": "Csongr\u0102\u02c7d", "country": 20}}, {"model": "imagesapp.county", "pk": 7, "fields": {"name": "Fej\u0102\u00a9r", "country": 20}}, {"model": "imagesapp.county", "pk": 8, "fields": {"name": "Gy?r-Moson-Sopron", "country": 20}}, {"model": "imagesapp.county", "pk": 9, "fields": {"name": "Hajd\u0102\u015f-Bihar", "country": 20}}, {"model": "imagesapp.county", "pk": 10, "fields": {"name": "Heves", "country": 20}}, {"model": "imagesapp.county", "pk": 11, "fields": {"name": "J\u0102\u02c7sz-Nagykun-Szolnok", "country": 20}}, {"model": "imagesapp.county", "pk": 12, "fields": {"name": "Kom\u0102\u02c7rom-Esztergom", "country": 20}}, {"model": "imagesapp.county", "pk": 13, "fields": {"name": "N\u0102\u0142gr\u0102\u02c7d", "country": 20}}, {"model": "imagesapp.county", "pk": 14, "fields": {"name": "Pest", "country": 20}}, {"model": "imagesapp.county", "pk": 15, "fields": {"name": "Somogy", "country": 20}}, {"model": "imagesapp.county", "pk": 16, "fields": {"name": "Szabolcs-Szatm\u0102\u02c7r-Bereg", "country": 20}}, {"model": "imagesapp.county", "pk": 17, "fields": {"name": "Tolna", "country": 20}}, {"model": "imagesapp.county", "pk": 18, "fields": {"name": "Vas", "country": 20}}, {"model": "imagesapp.county", "pk": 19, "fields": {"name": "Veszpr\u0102\u00a9m", "country": 20}}, {"model": "imagesapp.county", "pk": 20, "fields": {"name": "Zala", "country": 20}}, {"model": "imagesapp.city", "pk": 1, "fields": {"name": "Aba", "description": "", "country": 20, "county": 7}}, {"model": "imagesapp.city", "pk": 2, "fields": {"name": "Ab\u0102\u02c7dszal\u0102\u0142k", "description": "", "country": 20, "county": 11}}, {"model": "imagesapp.city", "pk": 3, "fields": {"name": "Aba\u0102\u015fjsz\u0102\u02c7nt\u0102\u0142", "description": "", "country": 20, "county": 5}}, {"model": "imagesapp.city", "pk": 4, "fields": {"name": "Abony", "description": "", "country": 20, "county": 14}}, {"model": "imagesapp.city", "pk": 5, "fields": {"name": "\u0102\u0081cs", "description": "", "country": 20, "county": 12}}, {"model": "imagesapp.city", "pk": 6, "fields": {"name": "Adony", "description": "", "country": 20, "county": 7}}, {"model": "imagesapp.city", "pk": 7, "fields": {"name": "Ajak", "description": "", "country": 20, "county": 16}}, {"model": "imagesapp.city", "pk": 8, "fields": {"name": "Ajka", "description": "", "country": 20, "county": 19}}, {"model": "imagesapp.city", "pk": 9, "fields": {"name": "Albertirsa", "description": "", "country": 20, "county": 14}}, {"model": "imagesapp.city", "pk": 10, "fields": {"name": "Als\u0102\u0142zsolca", "description": "", "country": 20, "county": 5}}, {"model": "imagesapp.city", "pk": 11, "fields": {"name": "Asz\u0102\u0142d", "description": "", "country": 20, "county": 14}}, {"model": "imagesapp.city", "pk": 12, "fields": {"name": "B\u0102\u02c7bolna", "description": "", "country": 20, "county": 12}}, {"model": "imagesapp.city", "pk": 13, "fields": {"name": "B\u0102\u02c7csalm\u0102\u02c7s", "description": "", "country": 20, "county": 3}}, {"model": "imagesapp.city", "pk": 14, "fields": {"name": "Badacsonytomaj", "description": "", "country": 20, "county": 19}}, {"model": "imagesapp.city", "pk": 15, "fields": {"name": "Baja", "description": "", "country": 20, "county": 3}}, {"model": "imagesapp.city", "pk": 16, "fields": {"name": "Baktal\u0102\u0142r\u0102\u02c7nth\u0102\u02c7za", "description": "", "country": 20, "county": 16}}, {"model": "imagesapp.city", "pk": 17, "fields": {"name": "Balassagyarmat", "description": "", "country": 20, "county": 13}}, {"model": "imagesapp.city", "pk": 18, "fields": {"name": "Balatonalm\u0102\u02c7di", "description": "", "country": 20, "county": 19}}, {"model": "imagesapp.city", "pk": 19, "fields": {"name": "Balatonbogl\u0102\u02c7r", "description": "", "country": 20, "county": 15}}, {"model": "imagesapp.city", "pk": 20, "fields": {"name": "Balatonf\u0102\u00b6ldv\u0102\u02c7r", "description": "", "country": 20, "county": 15}}, {"model": "imagesapp.city", "pk": 21, "fields": {"name": "Balatonf\u0102\u013dred", "description": "", "country": 20, "county": 19}}, {"model": "imagesapp.city", "pk": 22, "fields": {"name": "Balatonf?zf?", "description": "", "country": 20, "county": 19}}, {"model": "imagesapp.city", "pk": 23, "fields": {"name": "Balatonkenese", "description": "", "country": 20, "county": 19}}, {"model": "imagesapp.city", "pk": 24, "fields": {"name": "Balatonlelle", "description": "", "country": 20, "county": 15}}, {"model": "imagesapp.city", "pk": 25, "fields": {"name": "Balk\u0102\u02c7ny", "description": "", "country": 20, "county": 16}}, {"model": "imagesapp.city", "pk": 26, "fields": {"name": "Balmaz\u0102\u015fjv\u0102\u02c7ros", "description": "", "country": 20, "county": 9}}, {"model": "imagesapp.city", "pk": 27, "fields": {"name": "Barcs", "description": "", "country": 20, "county": 15}}, {"model": "imagesapp.city", "pk": 28, "fields": {"name": "B\u0102\u02c7tasz\u0102\u00a9k", "description": "", "country": 20, "county": 17}}, {"model": "imagesapp.city", "pk": 29, "fields": {"name": "B\u0102\u02c7tonyterenye", "description": "", "country": 20, "county": 13}}, {"model": "imagesapp.city", "pk": 30, "fields": {"name": "Battonya", "description": "", "country": 20, "county": 4}}, {"model": "imagesapp.city", "pk": 31, "fields": {"name": "B\u0102\u00a9k\u0102\u00a9s", "description": "", "country": 20, "county": 4}}, {"model": "imagesapp.city", "pk": 32, "fields": {"name": "B\u0102\u00a9k\u0102\u00a9scsaba", "description": "", "country": 20, "county": 4}}, {"model": "imagesapp.city", "pk": 33, "fields": {"name": "B\u0102\u00a9lap\u0102\u02c7tfalva", "description": "", "country": 20, "county": 10}}, {"model": "imagesapp.city", "pk": 34, "fields": {"name": "Beled", "description": "", "country": 20, "county": 8}}, {"model": "imagesapp.city", "pk": 35, "fields": {"name": "Beretty\u0102\u0142\u0102\u015fjfalu", "description": "", "country": 20, "county": 9}}, {"model": "imagesapp.city", "pk": 36, "fields": {"name": "Berhida", "description": "", "country": 20, "county": 19}}, {"model": "imagesapp.city", "pk": 37, "fields": {"name": "Besenysz\u0102\u00b6g", "description": "", "country": 20, "county": 11}}, {"model": "imagesapp.city", "pk": 38, "fields": {"name": "Biatorb\u0102\u02c7gy", "description": "", "country": 20, "county": 14}}, {"model": "imagesapp.city", "pk": 39, "fields": {"name": "Bicske", "description": "", "country": 20, "county": 7}}, {"model": "imagesapp.city", "pk": 40, "fields": {"name": "Biharkeresztes", "description": "", "country": 20, "county": 9}}, {"model": "imagesapp.city", "pk": 41, "fields": {"name": "Bodajk", "description": "", "country": 20, "county": 7}}, {"model": "imagesapp.city", "pk": 42, "fields": {"name": "B\u0102\u0142ly", "description": "", "country": 20, "county": 2}}, {"model": "imagesapp.city", "pk": 43, "fields": {"name": "Bonyh\u0102\u02c7d", "description": "", "country": 20, "county": 17}}, {"model": "imagesapp.city", "pk": 44, "fields": {"name": "Borsodn\u0102\u02c7dasd", "description": "", "country": 20, "county": 5}}, {"model": "imagesapp.city", "pk": 45, "fields": {"name": "Budakal\u0102\u02c7sz", "description": "", "country": 20, "county": 14}}, {"model": "imagesapp.city", "pk": 46, "fields": {"name": "Budakeszi", "description": "", "country": 20, "county": 14}}, {"model": "imagesapp.city", "pk": 47, "fields": {"name": "Buda\u0102\u00b6rs", "description": "", "country": 20, "county": 14}}, {"model": "imagesapp.city", "pk": 48, "fields": {"name": "Budapest", "description": "", "country": 20, "county": 1}}, {"model": "imagesapp.city", "pk": 49, "fields": {"name": "B\u0102\u013dk", "description": "", "country": 20, "county": 18}}, {"model": "imagesapp.city", "pk": 50, "fields": {"name": "Cegl\u0102\u00a9d", "description": "", "country": 20, "county": 14}}, {"model": "imagesapp.city", "pk": 51, "fields": {"name": "Celld\u0102\u00b6m\u0102\u00b6lk", "description": "", "country": 20, "county": 18}}, {"model": "imagesapp.city", "pk": 52, "fields": {"name": "Cig\u0102\u02c7nd", "description": "", "country": 20, "county": 5}}, {"model": "imagesapp.city", "pk": 53, "fields": {"name": "Cs\u0102\u02c7kv\u0102\u02c7r", "description": "", "country": 20, "county": 7}}, {"model": "imagesapp.city", "pk": 54, "fields": {"name": "Csan\u0102\u02c7dpalota", "description": "", "country": 20, "county": 6}}, {"model": "imagesapp.city", "pk": 55, "fields": {"name": "Csenger", "description": "", "country": 20, "county": 16}}, {"model": "imagesapp.city", "pk": 56, "fields": {"name": "Csepreg", "description": "", "country": 20, "county": 18}}, {"model": "imagesapp.city", "pk": 57, "fields": {"name": "Csongr\u0102\u02c7d", "description": "", "country": 20, "county": 6}}, {"model": "imagesapp.city", "pk": 58, "fields": {"name": "Csorna", "description": "", "country": 20, "county": 8}}, {"model": "imagesapp.city", "pk": 59, "fields": {"name": "Csorv\u0102\u02c7s", "description": "", "country": 20, "county": 4}}, {"model": "imagesapp.city", "pk": 60, "fields": {"name": "Csurg\u0102\u0142", "description": "", "country": 20, "county": 15}}, {"model": "imagesapp.city", "pk": 61, "fields": {"name": "Dabas", "description": "", "country": 20, "county": 14}}, {"model": "imagesapp.city", "pk": 62, "fields": {"name": "Debrecen", "description": "", "country": 20, "county": 9}}, {"model": "imagesapp.city", "pk": 63, "fields": {"name": "Demecser", "description": "", "country": 20, "county": 16}}, {"model": "imagesapp.city", "pk": 64, "fields": {"name": "Derecske", "description": "", "country": 20, "county": 9}}, {"model": "imagesapp.city", "pk": 65, "fields": {"name": "D\u0102\u00a9vav\u0102\u02c7nya", "description": "", "country": 20, "county": 4}}, {"model": "imagesapp.city", "pk": 66, "fields": {"name": "Devecser", "description": "", "country": 20, "county": 19}}, {"model": "imagesapp.city", "pk": 67, "fields": {"name": "Di\u0102\u0142sd", "description": "", "country": 20, "county": 14}}, {"model": "imagesapp.city", "pk": 68, "fields": {"name": "Domb\u0102\u0142v\u0102\u02c7r", "description": "", "country": 20, "county": 17}}, {"model": "imagesapp.city", "pk": 69, "fields": {"name": "Dombr\u0102\u02c7d", "description": "", "country": 20, "county": 16}}, {"model": "imagesapp.city", "pk": 70, "fields": {"name": "Dorog", "description": "", "country": 20, "county": 12}}, {"model": "imagesapp.city", "pk": 71, "fields": {"name": "Dunaf\u0102\u00b6ldv\u0102\u02c7r", "description": "", "country": 20, "county": 17}}, {"model": "imagesapp.city", "pk": 72, "fields": {"name": "Dunaharaszti", "description": "", "country": 20, "county": 14}}, {"model": "imagesapp.city", "pk": 73, "fields": {"name": "Dunakeszi", "description": "", "country": 20, "county": 14}}, {"model": "imagesapp.city", "pk": 74, "fields": {"name": "Duna\u0102\u015fjv\u0102\u02c7ros", "description": "", "country": 20, "county": 7}}, {"model": "imagesapp.city", "pk": 75, "fields": {"name": "Dunavars\u0102\u02c7ny", "description": "", "country": 20, "county": 14}}, {"model": "imagesapp.city", "pk": 76, "fields": {"name": "Dunavecse", "description": "", "country": 20, "county": 3}}, {"model": "imagesapp.city", "pk": 77, "fields": {"name": "Edel\u0102\u00a9ny", "description": "", "country": 20, "county": 5}}, {"model": "imagesapp.city", "pk": 78, "fields": {"name": "Eger", "description": "", "country": 20, "county": 10}}, {"model": "imagesapp.city", "pk": 79, "fields": {"name": "Elek", "description": "", "country": 20, "county": 4}}, {"model": "imagesapp.city", "pk": 80, "fields": {"name": "Em?d", "description": "", "country": 20, "county": 5}}, {"model": "imagesapp.city", "pk": 81, "fields": {"name": "Encs", "description": "", "country": 20, "county": 5}}, {"model": "imagesapp.city", "pk": 82, "fields": {"name": "Enying", "description": "", "country": 20, "county": 7}}, {"model": "imagesapp.city", "pk": 83, "fields": {"name": "Ercsi", "description": "", "country": 20, "county": 7}}, {"model": "imagesapp.city", "pk": 84, "fields": {"name": "\u0102\u2030rd", "description": "", "country": 20, "county": 14}}, {"model": "imagesapp.city", "pk": 85, "fields": {"name": "Esztergom", "description": "", "country": 20, "county": 12}}, {"model": "imagesapp.city", "pk": 86, "fields": {"name": "Fegyvernek", "description": "", "country": 20, "county": 11}}, {"model": "imagesapp.city", "pk": 87, "fields": {"name": "Feh\u0102\u00a9rgyarmat", "description": "", "country": 20, "county": 16}}, {"model": "imagesapp.city", "pk": 88, "fields": {"name": "Fels?zsolca", "description": "", "country": 20, "county": 5}}, {"model": "imagesapp.city", "pk": 89, "fields": {"name": "Fert?d", "description": "", "country": 20, "county": 8}}, {"model": "imagesapp.city", "pk": 90, "fields": {"name": "Fert?szentmikl\u0102\u0142s", "description": "", "country": 20, "county": 8}}, {"model": "imagesapp.city", "pk": 91, "fields": {"name": "Fony\u0102\u0142d", "description": "", "country": 20, "county": 15}}, {"model": "imagesapp.city", "pk": 92, "fields": {"name": "F\u0102\u0142t", "description": "", "country": 20, "county": 14}}, {"model": "imagesapp.city", "pk": 93, "fields": {"name": "F\u0102\u013dzesabony", "description": "", "country": 20, "county": 10}}, {"model": "imagesapp.city", "pk": 94, "fields": {"name": "F\u0102\u013dzesgyarmat", "description": "", "country": 20, "county": 4}}, {"model": "imagesapp.city", "pk": 95, "fields": {"name": "G\u0102\u02c7rdony", "description": "", "country": 20, "county": 7}}, {"model": "imagesapp.city", "pk": 96, "fields": {"name": "G\u0102\u00b6d", "description": "", "country": 20, "county": 14}}, {"model": "imagesapp.city", "pk": 97, "fields": {"name": "G\u0102\u00b6d\u0102\u00b6ll?", "description": "", "country": 20, "county": 14}}, {"model": "imagesapp.city", "pk": 98, "fields": {"name": "G\u0102\u00b6nc", "description": "", "country": 20, "county": 5}}, {"model": "imagesapp.city", "pk": 99, "fields": {"name": "Gy\u0102\u02c7l", "description": "", "country": 20, "county": 14}}, {"model": "imagesapp.city", "pk": 100, "fields": {"name": "Gyomaendr?d", "description": "", "country": 20, "county": 4}}, {"model": "imagesapp.city", "pk": 101, "fields": {"name": "Gy\u0102\u00b6mr?", "description": "", "country": 20, "county": 14}}, {"model": "imagesapp.city", "pk": 102, "fields": {"name": "Gy\u0102\u00b6ngy\u0102\u00b6s", "description": "", "country": 20, "county": 10}}, {"model": "imagesapp.city", "pk": 103, "fields": {"name": "Gy\u0102\u00b6ngy\u0102\u00b6spata", "description": "", "country": 20, "county": 10}}, {"model": "imagesapp.city", "pk": 104, "fields": {"name": "Gy\u0102\u00b6nk", "description": "", "country": 20, "county": 17}}, {"model": "imagesapp.city", "pk": 105, "fields": {"name": "Gy?r", "description": "", "country": 20, "county": 8}}, {"model": "imagesapp.city", "pk": 106, "fields": {"name": "Gyula", "description": "", "country": 20, "county": 4}}, {"model": "imagesapp.city", "pk": 107, "fields": {"name": "Hajd\u0102\u015fb\u0102\u00b6sz\u0102\u00b6rm\u0102\u00a9ny", "description": "", "country": 20, "county": 9}}, {"model": "imagesapp.city", "pk": 108, "fields": {"name": "Hajd\u0102\u015fdorog", "description": "", "country": 20, "county": 9}}, {"model": "imagesapp.city", "pk": 109, "fields": {"name": "Hajd\u0102\u015fhadh\u0102\u02c7z", "description": "", "country": 20, "county": 9}}, {"model": "imagesapp.city", "pk": 110, "fields": {"name": "Hajd\u0102\u015fn\u0102\u02c7n\u0102\u02c7s", "description": "", "country": 20, "county": 9}}, {"model": "imagesapp.city", "pk": 111, "fields": {"name": "Hajd\u0102\u015fs\u0102\u02c7mson", "description": "", "country": 20, "county": 9}}, {"model": "imagesapp.city", "pk": 112, "fields": {"name": "Hajd\u0102\u015fszoboszl\u0102\u0142", "description": "", "country": 20, "county": 9}}, {"model": "imagesapp.city", "pk": 113, "fields": {"name": "Haj\u0102\u0142s", "description": "", "country": 20, "county": 3}}, {"model": "imagesapp.city", "pk": 114, "fields": {"name": "Hal\u0102\u02c7sztelek", "description": "", "country": 20, "county": 14}}, {"model": "imagesapp.city", "pk": 115, "fields": {"name": "Hark\u0102\u02c7ny", "description": "", "country": 20, "county": 2}}, {"model": "imagesapp.city", "pk": 116, "fields": {"name": "Hatvan", "description": "", "country": 20, "county": 10}}, {"model": "imagesapp.city", "pk": 117, "fields": {"name": "Herend", "description": "", "country": 20, "county": 19}}, {"model": "imagesapp.city", "pk": 118, "fields": {"name": "Heves", "description": "", "country": 20, "county": 10}}, {"model": "imagesapp.city", "pk": 119, "fields": {"name": "H\u0102\u00a9v\u0102\u00adz", "description": "", "country": 20, "county": 20}}, {"model": "imagesapp.city", "pk": 120, "fields": {"name": "H\u0102\u0142dmez?v\u0102\u02c7s\u0102\u02c7rhely", "description": "", "country": 20, "county": 6}}, {"model": "imagesapp.city", "pk": 121, "fields": {"name": "Ibr\u0102\u02c7ny", "description": "", "country": 20, "county": 16}}, {"model": "imagesapp.city", "pk": 122, "fields": {"name": "Igal", "description": "", "country": 20, "county": 15}}, {"model": "imagesapp.city", "pk": 123, "fields": {"name": "Isaszeg", "description": "", "country": 20, "county": 14}}, {"model": "imagesapp.city", "pk": 124, "fields": {"name": "Izs\u0102\u02c7k", "description": "", "country": 20, "county": 3}}, {"model": "imagesapp.city", "pk": 125, "fields": {"name": "J\u0102\u02c7noshalma", "description": "", "country": 20, "county": 3}}, {"model": "imagesapp.city", "pk": 126, "fields": {"name": "J\u0102\u02c7nosh\u0102\u02c7za", "description": "", "country": 20, "county": 18}}, {"model": "imagesapp.city", "pk": 127, "fields": {"name": "J\u0102\u02c7nossomorja", "description": "", "country": 20, "county": 8}}, {"model": "imagesapp.city", "pk": 128, "fields": {"name": "J\u0102\u02c7szap\u0102\u02c7ti", "description": "", "country": 20, "county": 11}}, {"model": "imagesapp.city", "pk": 129, "fields": {"name": "J\u0102\u02c7sz\u0102\u02c7roksz\u0102\u02c7ll\u0102\u02c7s", "description": "", "country": 20, "county": 11}}, {"model": "imagesapp.city", "pk": 130, "fields": {"name": "J\u0102\u02c7szber\u0102\u00a9ny", "description": "", "country": 20, "county": 11}}, {"model": "imagesapp.city", "pk": 131, "fields": {"name": "J\u0102\u02c7szf\u0102\u00a9nyszaru", "description": "", "country": 20, "county": 11}}, {"model": "imagesapp.city", "pk": 132, "fields": {"name": "J\u0102\u02c7szkis\u0102\u00a9r", "description": "", "country": 20, "county": 11}}, {"model": "imagesapp.city", "pk": 133, "fields": {"name": "Kaba", "description": "", "country": 20, "county": 9}}, {"model": "imagesapp.city", "pk": 134, "fields": {"name": "Kadark\u0102\u015ft", "description": "", "country": 20, "county": 15}}, {"model": "imagesapp.city", "pk": 135, "fields": {"name": "Kalocsa", "description": "", "country": 20, "county": 3}}, {"model": "imagesapp.city", "pk": 136, "fields": {"name": "Kaposv\u0102\u02c7r", "description": "", "country": 20, "county": 15}}, {"model": "imagesapp.city", "pk": 137, "fields": {"name": "Kapuv\u0102\u02c7r", "description": "", "country": 20, "county": 8}}, {"model": "imagesapp.city", "pk": 138, "fields": {"name": "Karcag", "description": "", "country": 20, "county": 11}}, {"model": "imagesapp.city", "pk": 139, "fields": {"name": "Kazincbarcika", "description": "", "country": 20, "county": 5}}, {"model": "imagesapp.city", "pk": 140, "fields": {"name": "Kecel", "description": "", "country": 20, "county": 3}}, {"model": "imagesapp.city", "pk": 141, "fields": {"name": "Kecskem\u0102\u00a9t", "description": "", "country": 20, "county": 3}}, {"model": "imagesapp.city", "pk": 142, "fields": {"name": "Kemecse", "description": "", "country": 20, "county": 16}}, {"model": "imagesapp.city", "pk": 143, "fields": {"name": "Kenderes", "description": "", "country": 20, "county": 11}}, {"model": "imagesapp.city", "pk": 144, "fields": {"name": "Kerekegyh\u0102\u02c7za", "description": "", "country": 20, "county": 3}}, {"model": "imagesapp.city", "pk": 145, "fields": {"name": "Kerepes", "description": "", "country": 20, "county": 14}}, {"model": "imagesapp.city", "pk": 146, "fields": {"name": "Keszthely", "description": "", "country": 20, "county": 20}}, {"model": "imagesapp.city", "pk": 147, "fields": {"name": "Kisb\u0102\u00a9r", "description": "", "country": 20, "county": 12}}, {"model": "imagesapp.city", "pk": 148, "fields": {"name": "Kisk\u0102\u00b6re", "description": "", "country": 20, "county": 10}}, {"model": "imagesapp.city", "pk": 149, "fields": {"name": "Kisk?r\u0102\u00b6s", "description": "", "country": 20, "county": 3}}, {"model": "imagesapp.city", "pk": 150, "fields": {"name": "Kiskunf\u0102\u00a9legyh\u0102\u02c7za", "description": "", "country": 20, "county": 3}}, {"model": "imagesapp.city", "pk": 151, "fields": {"name": "Kiskunhalas", "description": "", "country": 20, "county": 3}}, {"model": "imagesapp.city", "pk": 152, "fields": {"name": "Kiskunmajsa", "description": "", "country": 20, "county": 3}}, {"model": "imagesapp.city", "pk": 153, "fields": {"name": "Kistarcsa", "description": "", "country": 20, "county": 14}}, {"model": "imagesapp.city", "pk": 154, "fields": {"name": "Kistelek", "description": "", "country": 20, "county": 6}}, {"model": "imagesapp.city", "pk": 155, "fields": {"name": "Kis\u0102\u015fjsz\u0102\u02c7ll\u0102\u02c7s", "description": "", "country": 20, "county": 11}}, {"model": "imagesapp.city", "pk": 156, "fields": {"name": "Kisv\u0102\u02c7rda", "description": "", "country": 20, "county": 16}}, {"model": "imagesapp.city", "pk": 157, "fields": {"name": "Kom\u0102\u02c7di", "description": "", "country": 20, "county": 9}}, {"model": "imagesapp.city", "pk": 158, "fields": {"name": "Kom\u0102\u02c7rom", "description": "", "country": 20, "county": 12}}, {"model": "imagesapp.city", "pk": 159, "fields": {"name": "Koml\u0102\u0142", "description": "", "country": 20, "county": 2}}, {"model": "imagesapp.city", "pk": 160, "fields": {"name": "Kondoros", "description": "", "country": 20, "county": 4}}, {"model": "imagesapp.city", "pk": 161, "fields": {"name": "Koz\u0102\u02c7rmisleny", "description": "", "country": 20, "county": 2}}, {"model": "imagesapp.city", "pk": 162, "fields": {"name": "K\u0102\u00b6rmend", "description": "", "country": 20, "county": 18}}, {"model": "imagesapp.city", "pk": 163, "fields": {"name": "K\u0102\u00b6r\u0102\u00b6slad\u0102\u02c7ny", "description": "", "country": 20, "county": 4}}, {"model": "imagesapp.city", "pk": 164, "fields": {"name": "K?szeg", "description": "", "country": 20, "county": 18}}, {"model": "imagesapp.city", "pk": 165, "fields": {"name": "Kunhegyes", "description": "", "country": 20, "county": 11}}, {"model": "imagesapp.city", "pk": 166, "fields": {"name": "Kunszentm\u0102\u02c7rton", "description": "", "country": 20, "county": 11}}, {"model": "imagesapp.city", "pk": 167, "fields": {"name": "Kunszentmikl\u0102\u0142s", "description": "", "country": 20, "county": 3}}, {"model": "imagesapp.city", "pk": 168, "fields": {"name": "L\u0102\u02c7batlan", "description": "", "country": 20, "county": 12}}, {"model": "imagesapp.city", "pk": 169, "fields": {"name": "Lajosmizse", "description": "", "country": 20, "county": 3}}, {"model": "imagesapp.city", "pk": 170, "fields": {"name": "L\u0102\u00a9b\u0102\u00a9ny", "description": "", "country": 20, "county": 8}}, {"model": "imagesapp.city", "pk": 171, "fields": {"name": "Lengyelt\u0102\u0142ti", "description": "", "country": 20, "county": 15}}, {"model": "imagesapp.city", "pk": 172, "fields": {"name": "Lenti", "description": "", "country": 20, "county": 20}}, {"model": "imagesapp.city", "pk": 173, "fields": {"name": "L\u0102\u00a9tav\u0102\u00a9rtes", "description": "", "country": 20, "county": 9}}, {"model": "imagesapp.city", "pk": 174, "fields": {"name": "Letenye", "description": "", "country": 20, "county": 20}}, {"model": "imagesapp.city", "pk": 175, "fields": {"name": "L?rinci", "description": "", "country": 20, "county": 10}}, {"model": "imagesapp.city", "pk": 176, "fields": {"name": "Magl\u0102\u0142d", "description": "", "country": 20, "county": 14}}, {"model": "imagesapp.city", "pk": 177, "fields": {"name": "M\u0102\u02c7gocs", "description": "", "country": 20, "county": 2}}, {"model": "imagesapp.city", "pk": 178, "fields": {"name": "Mak\u0102\u0142", "description": "", "country": 20, "county": 6}}, {"model": "imagesapp.city", "pk": 179, "fields": {"name": "M\u0102\u02c7ndok", "description": "", "country": 20, "county": 16}}, {"model": "imagesapp.city", "pk": 180, "fields": {"name": "Marcali", "description": "", "country": 20, "county": 15}}, {"model": "imagesapp.city", "pk": 181, "fields": {"name": "M\u0102\u02c7riap\u0102\u0142cs", "description": "", "country": 20, "county": 16}}, {"model": "imagesapp.city", "pk": 182, "fields": {"name": "Martf?", "description": "", "country": 20, "county": 11}}, {"model": "imagesapp.city", "pk": 183, "fields": {"name": "Martonv\u0102\u02c7s\u0102\u02c7r", "description": "", "country": 20, "county": 7}}, {"model": "imagesapp.city", "pk": 184, "fields": {"name": "M\u0102\u02c7t\u0102\u00a9szalka", "description": "", "country": 20, "county": 16}}, {"model": "imagesapp.city", "pk": 185, "fields": {"name": "Medgyesegyh\u0102\u02c7za", "description": "", "country": 20, "county": 4}}, {"model": "imagesapp.city", "pk": 186, "fields": {"name": "M\u0102\u00a9lyk\u0102\u015ft", "description": "", "country": 20, "county": 3}}, {"model": "imagesapp.city", "pk": 187, "fields": {"name": "Mez?ber\u0102\u00a9ny", "description": "", "country": 20, "county": 4}}, {"model": "imagesapp.city", "pk": 188, "fields": {"name": "Mez?cs\u0102\u02c7t", "description": "", "country": 20, "county": 5}}, {"model": "imagesapp.city", "pk": 189, "fields": {"name": "Mez?hegyes", "description": "", "country": 20, "county": 4}}, {"model": "imagesapp.city", "pk": 190, "fields": {"name": "Mez?keresztes", "description": "", "country": 20, "county": 5}}, {"model": "imagesapp.city", "pk": 191, "fields": {"name": "Mez?kov\u0102\u02c7csh\u0102\u02c7za", "description": "", "country": 20, "county": 4}}, {"model": "imagesapp.city", "pk": 192, "fields": {"name": "Mez?k\u0102\u00b6vesd", "description": "", "country": 20, "county": 5}}, {"model": "imagesapp.city", "pk": 193, "fields": {"name": "Mez?t\u0102\u015fr", "description": "", "country": 20, "county": 11}}, {"model": "imagesapp.city", "pk": 194, "fields": {"name": "Mindszent", "description": "", "country": 20, "county": 6}}, {"model": "imagesapp.city", "pk": 195, "fields": {"name": "Miskolc", "description": "", "country": 20, "county": 5}}, {"model": "imagesapp.city", "pk": 196, "fields": {"name": "Moh\u0102\u02c7cs", "description": "", "country": 20, "county": 2}}, {"model": "imagesapp.city", "pk": 197, "fields": {"name": "Monor", "description": "", "country": 20, "county": 14}}, {"model": "imagesapp.city", "pk": 198, "fields": {"name": "M\u0102\u0142r", "description": "", "country": 20, "county": 7}}, {"model": "imagesapp.city", "pk": 199, "fields": {"name": "M\u0102\u0142rahalom", "description": "", "country": 20, "county": 6}}, {"model": "imagesapp.city", "pk": 200, "fields": {"name": "Mosonmagyar\u0102\u0142v\u0102\u02c7r", "description": "", "country": 20, "county": 8}}, {"model": "imagesapp.city", "pk": 201, "fields": {"name": "N\u0102\u02c7dudvar", "description": "", "country": 20, "county": 9}}, {"model": "imagesapp.city", "pk": 202, "fields": {"name": "Nagyat\u0102\u02c7d", "description": "", "country": 20, "county": 15}}, {"model": "imagesapp.city", "pk": 203, "fields": {"name": "Nagybajom", "description": "", "country": 20, "county": 15}}, {"model": "imagesapp.city", "pk": 204, "fields": {"name": "Nagyecsed", "description": "", "country": 20, "county": 16}}, {"model": "imagesapp.city", "pk": 205, "fields": {"name": "Nagyhal\u0102\u02c7sz", "description": "", "country": 20, "county": 16}}, {"model": "imagesapp.city", "pk": 206, "fields": {"name": "Nagyk\u0102\u02c7ll\u0102\u0142", "description": "", "country": 20, "county": 16}}, {"model": "imagesapp.city", "pk": 207, "fields": {"name": "Nagykanizsa", "description": "", "country": 20, "county": 20}}, {"model": "imagesapp.city", "pk": 208, "fields": {"name": "Nagyk\u0102\u02c7ta", "description": "", "country": 20, "county": 14}}, {"model": "imagesapp.city", "pk": 209, "fields": {"name": "Nagyk?r\u0102\u00b6s", "description": "", "country": 20, "county": 14}}, {"model": "imagesapp.city", "pk": 210, "fields": {"name": "Nagym\u0102\u02c7nyok", "description": "", "country": 20, "county": 17}}, {"model": "imagesapp.city", "pk": 211, "fields": {"name": "Nagymaros", "description": "", "country": 20, "county": 14}}, {"model": "imagesapp.city", "pk": 212, "fields": {"name": "Ny\u0102\u00a9kl\u0102\u02c7dh\u0102\u02c7za", "description": "", "country": 20, "county": 5}}, {"model": "imagesapp.city", "pk": 213, "fields": {"name": "Nyerges\u0102\u015fjfalu", "description": "", "country": 20, "county": 12}}, {"model": "imagesapp.city", "pk": 214, "fields": {"name": "Ny\u0102\u00adradony", "description": "", "country": 20, "county": 9}}, {"model": "imagesapp.city", "pk": 215, "fields": {"name": "Ny\u0102\u00adrb\u0102\u02c7tor", "description": "", "country": 20, "county": 16}}, {"model": "imagesapp.city", "pk": 216, "fields": {"name": "Ny\u0102\u00adregyh\u0102\u02c7za", "description": "", "country": 20, "county": 16}}, {"model": "imagesapp.city", "pk": 217, "fields": {"name": "Ny\u0102\u00adrlugos", "description": "", "country": 20, "county": 16}}, {"model": "imagesapp.city", "pk": 218, "fields": {"name": "Ny\u0102\u00adrmada", "description": "", "country": 20, "county": 16}}, {"model": "imagesapp.city", "pk": 219, "fields": {"name": "Ny\u0102\u00adrtelek", "description": "", "country": 20, "county": 16}}, {"model": "imagesapp.city", "pk": 220, "fields": {"name": "\u0102\u201ccsa", "description": "", "country": 20, "county": 14}}, {"model": "imagesapp.city", "pk": 221, "fields": {"name": "Onga", "description": "", "country": 20, "county": 5}}, {"model": "imagesapp.city", "pk": 222, "fields": {"name": "Orosh\u0102\u02c7za", "description": "", "country": 20, "county": 4}}, {"model": "imagesapp.city", "pk": 223, "fields": {"name": "Oroszl\u0102\u02c7ny", "description": "", "country": 20, "county": 12}}, {"model": "imagesapp.city", "pk": 224, "fields": {"name": "\u0102\u201czd", "description": "", "country": 20, "county": 5}}, {"model": "imagesapp.city", "pk": 225, "fields": {"name": "?rbotty\u0102\u02c7n", "description": "", "country": 20, "county": 14}}, {"model": "imagesapp.city", "pk": 226, "fields": {"name": "?riszentp\u0102\u00a9ter", "description": "", "country": 20, "county": 18}}, {"model": "imagesapp.city", "pk": 227, "fields": {"name": "\u0102\u2013rk\u0102\u00a9ny", "description": "", "country": 20, "county": 14}}, {"model": "imagesapp.city", "pk": 228, "fields": {"name": "Pacsa", "description": "", "country": 20, "county": 20}}, {"model": "imagesapp.city", "pk": 229, "fields": {"name": "Paks", "description": "", "country": 20, "county": 17}}, {"model": "imagesapp.city", "pk": 230, "fields": {"name": "P\u0102\u02c7lh\u0102\u02c7za", "description": "", "country": 20, "county": 5}}, {"model": "imagesapp.city", "pk": 231, "fields": {"name": "Pannonhalma", "description": "", "country": 20, "county": 8}}, {"model": "imagesapp.city", "pk": 232, "fields": {"name": "P\u0102\u02c7pa", "description": "", "country": 20, "county": 19}}, {"model": "imagesapp.city", "pk": 233, "fields": {"name": "P\u0102\u02c7szt\u0102\u0142", "description": "", "country": 20, "county": 13}}, {"model": "imagesapp.city", "pk": 234, "fields": {"name": "P\u0102\u00a9cel", "description": "", "country": 20, "county": 14}}, {"model": "imagesapp.city", "pk": 235, "fields": {"name": "P\u0102\u00a9cs", "description": "", "country": 20, "county": 2}}, {"model": "imagesapp.city", "pk": 236, "fields": {"name": "P\u0102\u00a9csv\u0102\u02c7rad", "description": "", "country": 20, "county": 2}}, {"model": "imagesapp.city", "pk": 237, "fields": {"name": "P\u0102\u00a9terv\u0102\u02c7s\u0102\u02c7ra", "description": "", "country": 20, "county": 10}}, {"model": "imagesapp.city", "pk": 238, "fields": {"name": "Pilis", "description": "", "country": 20, "county": 14}}, {"model": "imagesapp.city", "pk": 239, "fields": {"name": "Piliscsaba", "description": "", "country": 20, "county": 14}}, {"model": "imagesapp.city", "pk": 240, "fields": {"name": "Pilisv\u0102\u00b6r\u0102\u00b6sv\u0102\u02c7r", "description": "", "country": 20, "county": 14}}, {"model": "imagesapp.city", "pk": 241, "fields": {"name": "Polg\u0102\u02c7r", "description": "", "country": 20, "county": 9}}, {"model": "imagesapp.city", "pk": 242, "fields": {"name": "Polg\u0102\u02c7rdi", "description": "", "country": 20, "county": 7}}, {"model": "imagesapp.city", "pk": 243, "fields": {"name": "Pom\u0102\u02c7z", "description": "", "country": 20, "county": 14}}, {"model": "imagesapp.city", "pk": 244, "fields": {"name": "Pusztaszabolcs", "description": "", "country": 20, "county": 7}}, {"model": "imagesapp.city", "pk": 245, "fields": {"name": "Putnok", "description": "", "country": 20, "county": 5}}, {"model": "imagesapp.city", "pk": 246, "fields": {"name": "P\u0102\u013dsp\u0102\u00b6klad\u0102\u02c7ny", "description": "", "country": 20, "county": 9}}, {"model": "imagesapp.city", "pk": 247, "fields": {"name": "R\u0102\u02c7calm\u0102\u02c7s", "description": "", "country": 20, "county": 7}}, {"model": "imagesapp.city", "pk": 248, "fields": {"name": "R\u0102\u02c7ckeve", "description": "", "country": 20, "county": 14}}, {"model": "imagesapp.city", "pk": 249, "fields": {"name": "Rakamaz", "description": "", "country": 20, "county": 16}}, {"model": "imagesapp.city", "pk": 250, "fields": {"name": "R\u0102\u02c7k\u0102\u0142czifalva", "description": "", "country": 20, "county": 11}}, {"model": "imagesapp.city", "pk": 251, "fields": {"name": "R\u0102\u00a9pcelak", "description": "", "country": 20, "county": 18}}, {"model": "imagesapp.city", "pk": 252, "fields": {"name": "R\u0102\u00a9ts\u0102\u02c7g", "description": "", "country": 20, "county": 13}}, {"model": "imagesapp.city", "pk": 253, "fields": {"name": "Rudab\u0102\u02c7nya", "description": "", "country": 20, "county": 5}}, {"model": "imagesapp.city", "pk": 254, "fields": {"name": "Saj\u0102\u0142b\u0102\u02c7bony", "description": "", "country": 20, "county": 5}}, {"model": "imagesapp.city", "pk": 255, "fields": {"name": "Saj\u0102\u0142szentp\u0102\u00a9ter", "description": "", "country": 20, "county": 5}}, {"model": "imagesapp.city", "pk": 256, "fields": {"name": "Salg\u0102\u0142tarj\u0102\u02c7n", "description": "", "country": 20, "county": 13}}, {"model": "imagesapp.city", "pk": 257, "fields": {"name": "S\u0102\u02c7ndorfalva", "description": "", "country": 20, "county": 6}}, {"model": "imagesapp.city", "pk": 258, "fields": {"name": "S\u0102\u02c7rbog\u0102\u02c7rd", "description": "", "country": 20, "county": 7}}, {"model": "imagesapp.city", "pk": 259, "fields": {"name": "Sarkad", "description": "", "country": 20, "county": 4}}, {"model": "imagesapp.city", "pk": 260, "fields": {"name": "S\u0102\u02c7rospatak", "description": "", "country": 20, "county": 5}}, {"model": "imagesapp.city", "pk": 261, "fields": {"name": "S\u0102\u02c7rv\u0102\u02c7r", "description": "", "country": 20, "county": 18}}, {"model": "imagesapp.city", "pk": 262, "fields": {"name": "S\u0102\u02c7sd", "description": "", "country": 20, "county": 2}}, {"model": "imagesapp.city", "pk": 263, "fields": {"name": "S\u0102\u02c7toralja\u0102\u015fjhely", "description": "", "country": 20, "county": 5}}, {"model": "imagesapp.city", "pk": 264, "fields": {"name": "Sellye", "description": "", "country": 20, "county": 2}}, {"model": "imagesapp.city", "pk": 265, "fields": {"name": "Sikl\u0102\u0142s", "description": "", "country": 20, "county": 2}}, {"model": "imagesapp.city", "pk": 266, "fields": {"name": "Simontornya", "description": "", "country": 20, "county": 17}}, {"model": "imagesapp.city", "pk": 267, "fields": {"name": "Si\u0102\u0142fok", "description": "", "country": 20, "county": 15}}, {"model": "imagesapp.city", "pk": 268, "fields": {"name": "Solt", "description": "", "country": 20, "county": 3}}, {"model": "imagesapp.city", "pk": 269, "fields": {"name": "Soltvadkert", "description": "", "country": 20, "county": 3}}, {"model": "imagesapp.city", "pk": 270, "fields": {"name": "Sopron", "description": "", "country": 20, "county": 8}}, {"model": "imagesapp.city", "pk": 271, "fields": {"name": "S\u0102\u013dlys\u0102\u02c7p", "description": "", "country": 20, "county": 14}}, {"model": "imagesapp.city", "pk": 272, "fields": {"name": "S\u0102\u013dmeg", "description": "", "country": 20, "county": 19}}, {"model": "imagesapp.city", "pk": 273, "fields": {"name": "Szabadsz\u0102\u02c7ll\u0102\u02c7s", "description": "", "country": 20, "county": 3}}, {"model": "imagesapp.city", "pk": 274, "fields": {"name": "Szarvas", "description": "", "country": 20, "county": 4}}, {"model": "imagesapp.city", "pk": 275, "fields": {"name": "Sz\u0102\u02c7zhalombatta", "description": "", "country": 20, "county": 14}}, {"model": "imagesapp.city", "pk": 276, "fields": {"name": "Sz\u0102\u00a9cs\u0102\u00a9ny", "description": "", "country": 20, "county": 13}}, {"model": "imagesapp.city", "pk": 277, "fields": {"name": "Szeged", "description": "", "country": 20, "county": 6}}, {"model": "imagesapp.city", "pk": 278, "fields": {"name": "Szeghalom", "description": "", "country": 20, "county": 4}}, {"model": "imagesapp.city", "pk": 279, "fields": {"name": "Sz\u0102\u00a9kesfeh\u0102\u00a9rv\u0102\u02c7r", "description": "", "country": 20, "county": 7}}, {"model": "imagesapp.city", "pk": 280, "fields": {"name": "Szeksz\u0102\u02c7rd", "description": "", "country": 20, "county": 17}}, {"model": "imagesapp.city", "pk": 281, "fields": {"name": "Szendr?", "description": "", "country": 20, "county": 5}}, {"model": "imagesapp.city", "pk": 282, "fields": {"name": "Szentendre", "description": "", "country": 20, "county": 14}}, {"model": "imagesapp.city", "pk": 283, "fields": {"name": "Szentes", "description": "", "country": 20, "county": 6}}, {"model": "imagesapp.city", "pk": 284, "fields": {"name": "Szentgotth\u0102\u02c7rd", "description": "", "country": 20, "county": 18}}, {"model": "imagesapp.city", "pk": 285, "fields": {"name": "Szentl?rinc", "description": "", "country": 20, "county": 2}}, {"model": "imagesapp.city", "pk": 286, "fields": {"name": "Szerencs", "description": "", "country": 20, "county": 5}}, {"model": "imagesapp.city", "pk": 287, "fields": {"name": "Szigethalom", "description": "", "country": 20, "county": 14}}, {"model": "imagesapp.city", "pk": 288, "fields": {"name": "Szigetszentmikl\u0102\u0142s", "description": "", "country": 20, "county": 14}}, {"model": "imagesapp.city", "pk": 289, "fields": {"name": "Szigetv\u0102\u02c7r", "description": "", "country": 20, "county": 2}}, {"model": "imagesapp.city", "pk": 290, "fields": {"name": "Sziksz\u0102\u0142", "description": "", "country": 20, "county": 5}}, {"model": "imagesapp.city", "pk": 291, "fields": {"name": "Szob", "description": "", "country": 20, "county": 14}}, {"model": "imagesapp.city", "pk": 292, "fields": {"name": "Szolnok", "description": "", "country": 20, "county": 11}}, {"model": "imagesapp.city", "pk": 293, "fields": {"name": "Szombathely", "description": "", "country": 20, "county": 18}}, {"model": "imagesapp.city", "pk": 294, "fields": {"name": "Tab", "description": "", "country": 20, "county": 15}}, {"model": "imagesapp.city", "pk": 295, "fields": {"name": "Tam\u0102\u02c7si", "description": "", "country": 20, "county": 17}}, {"model": "imagesapp.city", "pk": 296, "fields": {"name": "T\u0102\u02c7pi\u0102\u0142szele", "description": "", "country": 20, "county": 14}}, {"model": "imagesapp.city", "pk": 297, "fields": {"name": "Tapolca", "description": "", "country": 20, "county": 19}}, {"model": "imagesapp.city", "pk": 298, "fields": {"name": "T\u0102\u02c7t", "description": "", "country": 20, "county": 12}}, {"model": "imagesapp.city", "pk": 299, "fields": {"name": "Tata", "description": "", "country": 20, "county": 12}}, {"model": "imagesapp.city", "pk": 300, "fields": {"name": "Tatab\u0102\u02c7nya", "description": "", "country": 20, "county": 12}}, {"model": "imagesapp.city", "pk": 301, "fields": {"name": "T\u0102\u00a9gl\u0102\u02c7s", "description": "", "country": 20, "county": 9}}, {"model": "imagesapp.city", "pk": 302, "fields": {"name": "T\u0102\u00a9t", "description": "", "country": 20, "county": 8}}, {"model": "imagesapp.city", "pk": 303, "fields": {"name": "Tiszacsege", "description": "", "country": 20, "county": 9}}, {"model": "imagesapp.city", "pk": 304, "fields": {"name": "Tiszaf\u0102\u00b6ldv\u0102\u02c7r", "description": "", "country": 20, "county": 11}}, {"model": "imagesapp.city", "pk": 305, "fields": {"name": "Tiszaf\u0102\u013dred", "description": "", "country": 20, "county": 11}}, {"model": "imagesapp.city", "pk": 306, "fields": {"name": "Tiszak\u0102\u00a9cske", "description": "", "country": 20, "county": 3}}, {"model": "imagesapp.city", "pk": 307, "fields": {"name": "Tiszal\u0102\u00b6k", "description": "", "country": 20, "county": 16}}, {"model": "imagesapp.city", "pk": 308, "fields": {"name": "Tisza\u0102\u015fjv\u0102\u02c7ros", "description": "", "country": 20, "county": 5}}, {"model": "imagesapp.city", "pk": 309, "fields": {"name": "Tiszavasv\u0102\u02c7ri", "description": "", "country": 20, "county": 16}}, {"model": "imagesapp.city", "pk": 310, "fields": {"name": "Tokaj", "description": "", "country": 20, "county": 5}}, {"model": "imagesapp.city", "pk": 311, "fields": {"name": "Tolna", "description": "", "country": 20, "county": 17}}, {"model": "imagesapp.city", "pk": 312, "fields": {"name": "Tompa", "description": "", "country": 20, "county": 3}}, {"model": "imagesapp.city", "pk": 313, "fields": {"name": "T\u0102\u0142tkoml\u0102\u0142s", "description": "", "country": 20, "county": 4}}, {"model": "imagesapp.city", "pk": 314, "fields": {"name": "T\u0102\u00b6k\u0102\u00b6l", "description": "", "country": 20, "county": 14}}, {"model": "imagesapp.city", "pk": 315, "fields": {"name": "T\u0102\u00b6r\u0102\u00b6kb\u0102\u02c7lint", "description": "", "country": 20, "county": 14}}, {"model": "imagesapp.city", "pk": 316, "fields": {"name": "T\u0102\u00b6r\u0102\u00b6kszentmikl\u0102\u0142s", "description": "", "country": 20, "county": 11}}, {"model": "imagesapp.city", "pk": 317, "fields": {"name": "Tura", "description": "", "country": 20, "county": 14}}, {"model": "imagesapp.city", "pk": 318, "fields": {"name": "T\u0102\u015frkeve", "description": "", "country": 20, "county": 11}}, {"model": "imagesapp.city", "pk": 319, "fields": {"name": "\u0102\u0161jfeh\u0102\u00a9rt\u0102\u0142", "description": "", "country": 20, "county": 16}}, {"model": "imagesapp.city", "pk": 320, "fields": {"name": "\u0102\u0161jharty\u0102\u02c7n", "description": "", "country": 20, "county": 14}}, {"model": "imagesapp.city", "pk": 321, "fields": {"name": "\u0102\u0161jk\u0102\u00adgy\u0102\u0142s", "description": "", "country": 20, "county": 4}}, {"model": "imagesapp.city", "pk": 322, "fields": {"name": "\u0102\u0161jsz\u0102\u02c7sz", "description": "", "country": 20, "county": 11}}, {"model": "imagesapp.city", "pk": 323, "fields": {"name": "\u0102\u015bll?", "description": "", "country": 20, "county": 14}}, {"model": "imagesapp.city", "pk": 324, "fields": {"name": "V\u0102\u02c7c", "description": "", "country": 20, "county": 14}}, {"model": "imagesapp.city", "pk": 325, "fields": {"name": "Vaja", "description": "", "country": 20, "county": 16}}, {"model": "imagesapp.city", "pk": 326, "fields": {"name": "V\u0102\u02c7mosp\u0102\u00a9rcs", "description": "", "country": 20, "county": 9}}, {"model": "imagesapp.city", "pk": 327, "fields": {"name": "V\u0102\u02c7rpalota", "description": "", "country": 20, "county": 19}}, {"model": "imagesapp.city", "pk": 328, "fields": {"name": "V\u0102\u02c7s\u0102\u02c7rosnam\u0102\u00a9ny", "description": "", "country": 20, "county": 16}}, {"model": "imagesapp.city", "pk": 329, "fields": {"name": "Vasv\u0102\u02c7r", "description": "", "country": 20, "county": 18}}, {"model": "imagesapp.city", "pk": 330, "fields": {"name": "Vecs\u0102\u00a9s", "description": "", "country": 20, "county": 14}}, {"model": "imagesapp.city", "pk": 331, "fields": {"name": "Velence", "description": "", "country": 20, "county": 7}}, {"model": "imagesapp.city", "pk": 332, "fields": {"name": "V\u0102\u00a9p", "description": "", "country": 20, "county": 18}}, {"model": "imagesapp.city", "pk": 333, "fields": {"name": "Veresegyh\u0102\u02c7z", "description": "", "country": 20, "county": 14}}, {"model": "imagesapp.city", "pk": 334, "fields": {"name": "Verpel\u0102\u00a9t", "description": "", "country": 20, "county": 10}}, {"model": "imagesapp.city", "pk": 335, "fields": {"name": "Veszpr\u0102\u00a9m", "description": "", "country": 20, "county": 19}}, {"model": "imagesapp.city", "pk": 336, "fields": {"name": "V\u0102\u00a9szt?", "description": "", "country": 20, "county": 4}}, {"model": "imagesapp.city", "pk": 337, "fields": {"name": "Vill\u0102\u02c7ny", "description": "", "country": 20, "county": 2}}, {"model": "imagesapp.city", "pk": 338, "fields": {"name": "Visegr\u0102\u02c7d", "description": "", "country": 20, "county": 14}}, {"model": "imagesapp.city", "pk": 339, "fields": {"name": "Z\u0102\u02c7hony", "description": "", "country": 20, "county": 16}}, {"model": "imagesapp.city", "pk": 340, "fields": {"name": "Zalaegerszeg", "description": "", "country": 20, "county": 20}}, {"model": "imagesapp.city", "pk": 341, "fields": {"name": "Zalakaros", "description": "", "country": 20, "county": 20}}, {"model": "imagesapp.city", "pk": 342, "fields": {"name": "Zalal\u0102\u00b6v?", "description": "", "country": 20, "county": 20}}, {"model": "imagesapp.city", "pk": 343, "fields": {"name": "Zalaszentgr\u0102\u0142t", "description": "", "country": 20, "county": 20}}, {"model": "imagesapp.city", "pk": 344, "fields": {"name": "Zam\u0102\u02c7rdi", "description": "", "country": 20, "county": 15}}, {"model": "imagesapp.city", "pk": 345, "fields": {"name": "Zirc", "description": "", "country": 20, "county": 19}}, {"model": "imagesapp.city", "pk": 346, "fields": {"name": "Zs\u0102\u02c7mb\u0102\u00a9k", "description": "", "country": 20, "county": 14}}, {"model": "imagesapp.city", "pk": 347, "fields": {"name": "Paris", "description": "Beutiful place", "country": 16, "county": null}}, {"model": "auth.permission", "pk": 1, "fields": {"name": "Can add log entry", "content_type": 1, "codename": "add_logentry"}}, {"model": "auth.permission", "pk": 2, "fields": {"name": "Can change log entry", "content_type": 1, "codename": "change_logentry"}}, {"model": "auth.permission", "pk": 3, "fields": {"name": "Can delete log entry", "content_type": 1, "codename": "delete_logentry"}}, {"model": "auth.permission", "pk": 4, "fields": {"name": "Can view log entry", "content_type": 1, "codename": "view_logentry"}}, {"model": "auth.permission", "pk": 5, "fields": {"name": "Can add permission", "content_type": 2, "codename": "add_permission"}}, {"model": "auth.permission", "pk": 6, "fields": {"name": "Can change permission", "content_type": 2, "codename": "change_permission"}}, {"model": "auth.permission", "pk": 7, "fields": {"name": "Can delete permission", "content_type": 2, "codename": "delete_permission"}}, {"model": "auth.permission", "pk": 8, "fields": {"name": "Can view permission", "content_type": 2, "codename": "view_permission"}}, {"model": "auth.permission", "pk": 9, "fields": {"name": "Can add group", "content_type": 3, "codename": "add_group"}}, {"model": "auth.permission", "pk": 10, "fields": {"name": "Can change group", "content_type": 3, "codename": "change_group"}}, {"model": "auth.permission", "pk": 11, "fields": {"name": "Can delete group", "content_type": 3, "codename": "delete_group"}}, {"model": "auth.permission", "pk": 12, "fields": {"name": "Can view group", "content_type": 3, "codename": "view_group"}}, {"model": "auth.permission", "pk": 13, "fields": {"name": "Can add content type", "content_type": 4, "codename": "add_contenttype"}}, {"model": "auth.permission", "pk": 14, "fields": {"name": "Can change content type", "content_type": 4, "codename": "change_contenttype"}}, {"model": "auth.permission", "pk": 15, "fields": {"name": "Can delete content type", "content_type": 4, "codename": "delete_contenttype"}}, {"model": "auth.permission", "pk": 16, "fields": {"name": "Can view content type", "content_type": 4, "codename": "view_contenttype"}}, {"model": "auth.permission", "pk": 17, "fields": {"name": "Can add session", "content_type": 5, "codename": "add_session"}}, {"model": "auth.permission", "pk": 18, "fields": {"name": "Can change session", "content_type": 5, "codename": "change_session"}}, {"model": "auth.permission", "pk": 19, "fields": {"name": "Can delete session", "content_type": 5, "codename": "delete_session"}}, {"model": "auth.permission", "pk": 20, "fields": {"name": "Can view session", "content_type": 5, "codename": "view_session"}}, {"model": "auth.permission", "pk": 21, "fields": {"name": "Can add user", "content_type": 6, "codename": "add_user"}}, {"model": "auth.permission", "pk": 22, "fields": {"name": "Can change user", "content_type": 6, "codename": "change_user"}}, {"model": "auth.permission", "pk": 23, "fields": {"name": "Can delete user", "content_type": 6, "codename": "delete_user"}}, {"model": "auth.permission", "pk": 24, "fields": {"name": "Can view user", "content_type": 6, "codename": "view_user"}}, {"model": "auth.permission", "pk": 25, "fields": {"name": "Can add category", "content_type": 7, "codename": "add_category"}}, {"model": "auth.permission", "pk": 26, "fields": {"name": "Can change category", "content_type": 7, "codename": "change_category"}}, {"model": "auth.permission", "pk": 27, "fields": {"name": "Can delete category", "content_type": 7, "codename": "delete_category"}}, {"model": "auth.permission", "pk": 28, "fields": {"name": "Can view category", "content_type": 7, "codename": "view_category"}}, {"model": "auth.permission", "pk": 29, "fields": {"name": "Can add city", "content_type": 8, "codename": "add_city"}}, {"model": "auth.permission", "pk": 30, "fields": {"name": "Can change city", "content_type": 8, "codename": "change_city"}}, {"model": "auth.permission", "pk": 31, "fields": {"name": "Can delete city", "content_type": 8, "codename": "delete_city"}}, {"model": "auth.permission", "pk": 32, "fields": {"name": "Can view city", "content_type": 8, "codename": "view_city"}}, {"model": "auth.permission", "pk": 33, "fields": {"name": "Can add country", "content_type": 9, "codename": "add_country"}}, {"model": "auth.permission", "pk": 34, "fields": {"name": "Can change country", "content_type": 9, "codename": "change_country"}}, {"model": "auth.permission", "pk": 35, "fields": {"name": "Can delete country", "content_type": 9, "codename": "delete_country"}}, {"model": "auth.permission", "pk": 36, "fields": {"name": "Can view country", "content_type": 9, "codename": "view_country"}}, {"model": "auth.permission", "pk": 37, "fields": {"name": "Can add county", "content_type": 10, "codename": "add_county"}}, {"model": "auth.permission", "pk": 38, "fields": {"name": "Can change county", "content_type": 10, "codename": "change_county"}}, {"model": "auth.permission", "pk": 39, "fields": {"name": "Can delete county", "content_type": 10, "codename": "delete_county"}}, {"model": "auth.permission", "pk": 40, "fields": {"name": "Can view county", "content_type": 10, "codename": "view_county"}}, {"model": "auth.permission", "pk": 41, "fields": {"name": "Can add image", "content_type": 11, "codename": "add_image"}}, {"model": "auth.permission", "pk": 42, "fields": {"name": "Can change image", "content_type": 11, "codename": "change_image"}}, {"model": "auth.permission", "pk": 43, "fields": {"name": "Can delete image", "content_type": 11, "codename": "delete_image"}}, {"model": "auth.permission", "pk": 44, "fields": {"name": "Can view image", "content_type": 11, "codename": "view_image"}}, {"model": "auth.permission", "pk": 45, "fields": {"name": "Can add rating", "content_type": 12, "codename": "add_rating"}}, {"model": "auth.permission", "pk": 46, "fields": {"name": "Can change rating", "content_type": 12, "codename": "change_rating"}}, {"model": "auth.permission", "pk": 47, "fields": {"name": "Can delete rating", "content_type": 12, "codename": "delete_rating"}}, {"model": "auth.permission", "pk": 48, "fields": {"name": "Can view rating", "content_type": 12, "codename": "view_rating"}}, {"model": "users.user", "pk": 1, "fields": {"password": "pbkdf2_sha256$120000$rdJVzEIob37g$jWLMKOmQGMZZ+BczII/ku0GdD25f5xhjJcrb3dbYuOY=", "last_login": "2019-04-09T09:28:23Z", "is_superuser": true, "username": "root", "first_name": "Root", "last_name": "Admin", "email": "root@root.com", "is_staff": true, "is_active": true, "date_joined": "2019-04-03T11:49:06Z", "location": 48, "groups": [], "user_permissions": []}}, {"model": "users.user", "pk": 21, "fields": {"password": "pbkdf2_sha256$120000$YpZlqjab9ECM$N9k6NVOJkwb3yYG6Fq18O2el4dpWi+3s2dxSU7gnX5U=", "last_login": null, "is_superuser": false, "username": "patya3", "first_name": "Patrik", "last_name": "M\u00e9sz\u00e1ros", "email": "meszi1031@gmail.com", "is_staff": false, "is_active": true, "date_joined": "2019-04-03T14:11:18.610Z", "location": null, "groups": [], "user_permissions": []}}, {"model": "users.user", "pk": 22, "fields": {"password": "pbkdf2_sha256$120000$luPlLNWrQr02$Yd1b7SzJxdy5B3HWfWWqqXbmVS/rjIxShnERdGcgkM4=", "last_login": "2019-04-07T14:52:37.232Z", "is_superuser": false, "username": "username", "first_name": "Teszt", "last_name": "Elek", "email": "hulye31@gmail.com", "is_staff": false, "is_active": true, "date_joined": "2019-04-03T14:18:16.046Z", "location": 277, "groups": [], "user_permissions": []}}, {"model": "imagesapp.image", "pk": 1, "fields": {"name": "From Top Of Szeged", "description": "Lorem ipsum dolor sit amet", "photo": "photos/9b049dd2-d580-40ea-9396-2eb6593c3204.jpg", "user": 1, "category": 9, "city": 277, "upload_date": "2019-04-03T13:49:12Z"}}, {"model": "imagesapp.image", "pk": 2, "fields": {"name": "Matthias Chruch", "description": "Lorem ipsum dolor sit amet", "photo": "photos/19e2dc83-3939-4436-9bf0-2e071cd87155.jpg", "user": 1, "category": 10, "city": 48, "upload_date": "2019-04-03T13:49:13Z"}}, {"model": "imagesapp.image", "pk": 4, "fields": {"name": "Esztergom Without colors", "description": "Lorem ipsum dolor sit amet", "photo": "photos/5510249c-d41b-4e93-8020-dc909875b096.jpg", "user": 1, "category": 3, "city": 85, "upload_date": "2019-04-03T13:49:14Z"}}, {"model": "imagesapp.image", "pk": 5, "fields": {"name": "Mini Hungary", "description": "Mini Hungary In Szarvas", "photo": "photos/6495694d-8a68-4984-b9e7-0c65771e0137.jpg", "user": 1, "category": 9, "city": 274, "upload_date": "2019-04-03T13:49:15Z"}}, {"model": "imagesapp.image", "pk": 23, "fields": {"name": "Paris2", "description": "Eiffel tower2", "photo": "photos/4f78629b-d2b3-46f8-b6de-2d897e1c544f.jpg", "user": 22, "category": 10, "city": 347, "upload_date": "2019-04-03T18:17:31.947Z"}}, {"model": "imagesapp.image", "pk": 47, "fields": {"name": "Goat", "description": "This is a Goat!", "photo": "photos/99532671-c095-402f-937d-07878fe2d2d5.jpg", "user": 1, "category": 6, "city": 141, "upload_date": "2019-04-07T16:35:38.303Z"}}, {"model": "imagesapp.image", "pk": 48, "fields": {"name": "Sunset in Visegrad", "description": "Beautiful sunset taken from the palace in Visegrad.", "photo": "photos/8bf30bc6-a393-4638-af58-8ba85d960e7c.jpg", "user": 1, "category": 8, "city": 338, "upload_date": "2019-04-07T16:45:19.500Z"}}, {"model": "imagesapp.image", "pk": 49, "fields": {"name": "Sz\u00e9ch\u00e9nyi Place in P\u00e9cs", "description": "The Sz\u00e9ch\u00e9nyi Place in the afternoon in P\u00e9cs", "photo": "photos/67331438-45db-4ccb-b9c1-bf9d345d8644.jpg", "user": 1, "category": 9, "city": 235, "upload_date": "2019-04-07T16:58:08.091Z"}}, {"model": "admin.logentry", "pk": 1, "fields": {"action_time": "2019-04-03T13:37:19.225Z", "user": 1, "content_type": 8, "object_id": "347", "object_repr": "Paris", "action_flag": 1, "change_message": "[{\"added\": {}}]"}}, {"model": "admin.logentry", "pk": 21, "fields": {"action_time": "2019-04-03T15:08:03.781Z", "user": 1, "content_type": 11, "object_id": "5", "object_repr": "Mini Hungary", "action_flag": 2, "change_message": "[{\"changed\": {\"fields\": [\"photo\"]}}]"}}, {"model": "admin.logentry", "pk": 22, "fields": {"action_time": "2019-04-03T15:09:53.011Z", "user": 1, "content_type": 11, "object_id": "5", "object_repr": "Mini Hungary", "action_flag": 2, "change_message": "[{\"changed\": {\"fields\": [\"photo\"]}}]"}}, {"model": "admin.logentry", "pk": 41, "fields": {"action_time": "2019-04-03T18:20:52.908Z", "user": 1, "content_type": 11, "object_id": "3", "object_repr": "Goat", "action_flag": 2, "change_message": "[{\"changed\": {\"fields\": [\"city\"]}}]"}}, {"model": "admin.logentry", "pk": 61, "fields": {"action_time": "2019-04-09T12:28:03.012Z", "user": 1, "content_type": 6, "object_id": "1", "object_repr": "root", "action_flag": 2, "change_message": "[{\"changed\": {\"fields\": [\"first_name\", \"last_name\", \"email\", \"location\"]}}]"}}, {"model": "admin.logentry", "pk": 81, "fields": {"action_time": "2019-04-15T16:33:54.575Z", "user": 1, "content_type": 11, "object_id": "4", "object_repr": "Esztergom Without colors", "action_flag": 2, "change_message": "[{\"changed\": {\"fields\": [\"photo\"]}}]"}}, {"model": "admin.logentry", "pk": 82, "fields": {"action_time": "2019-04-15T16:34:04.725Z", "user": 1, "content_type": 11, "object_id": "2", "object_repr": "Matthias Chruch", "action_flag": 2, "change_message": "[{\"changed\": {\"fields\": [\"photo\"]}}]"}}, {"model": "admin.logentry", "pk": 83, "fields": {"action_time": "2019-04-15T16:34:16.621Z", "user": 1, "content_type": 11, "object_id": "1", "object_repr": "From Top Of Szeged", "action_flag": 2, "change_message": "[{\"changed\": {\"fields\": [\"photo\"]}}]"}}]